p_like,p_has_next,p_effective_view
0.5386075949367088,0.5448577680525165,0.47570019723865875
