p_like,p_has_next,p_effective_view
0.5326377009921314,0.4704595185995624,0.5733925049309665
