p_like,p_has_next,p_effective_view
0.5760006842285323,0.4682713347921226,0.4651676528599606
